scenario_name,source_sequence,image_label_aware_prob,drift_target,detector,classifier,modality,recall_mean,recall_std,recall_count,precision_mean,precision_std,precision_count,f1_mean,f1_std,f1_count,mean_detection_delay_mean,mean_detection_delay_std,mean_detection_delay_count,median_detection_delay_mean,median_detection_delay_std,median_detection_delay_count,missed_detection_rate_mean,missed_detection_rate_std,missed_detection_rate_count,mean_time_to_detection_mean,mean_time_to_detection_std,mean_time_to_detection_count,mean_time_between_false_alarms_mean,mean_time_between_false_alarms_std,mean_time_between_false_alarms_count,mean_time_ratio_mean,mean_time_ratio_std,mean_time_ratio_count,raw_alarm_count_mean,raw_alarm_count_std,raw_alarm_count_count,selected_alarm_count_mean,selected_alarm_count_std,selected_alarm_count_count,n_drift_events_mean,n_drift_events_std,n_drift_events_count,mean_embedding_time_ms_mean,mean_embedding_time_ms_std,mean_embedding_time_ms_count,mean_detector_time_ms_mean,mean_detector_time_ms_std,mean_detector_time_ms_count,mean_total_time_ms_mean,mean_total_time_ms_std,mean_total_time_ms_count,median_total_time_ms_mean,median_total_time_ms_std,median_total_time_ms_count,p95_total_time_ms_mean,p95_total_time_ms_std,p95_total_time_ms_count,throughput_samples_per_s_mean,throughput_samples_per_s_std,throughput_samples_per_s_count,total_wall_time_ms_mean,total_wall_time_ms_std,total_wall_time_ms_count,wall_time_s_mean,wall_time_s_std,wall_time_s_count,classifier_precision_mean,classifier_precision_std,classifier_precision_count,classifier_recall_mean,classifier_recall_std,classifier_recall_count,classifier_f1_mean,classifier_f1_std,classifier_f1_count,classifier_case1_accuracy_mean,classifier_case1_accuracy_std,classifier_case1_accuracy_count,classifier_case1_precision_mean,classifier_case1_precision_std,classifier_case1_precision_count,classifier_case1_recall_mean,classifier_case1_recall_std,classifier_case1_recall_count,classifier_case1_f1_mean,classifier_case1_f1_std,classifier_case1_f1_count,classifier_case2_accuracy_mean,classifier_case2_accuracy_std,classifier_case2_accuracy_count,classifier_case2_precision_mean,classifier_case2_precision_std,classifier_case2_precision_count,classifier_case2_recall_mean,classifier_case2_recall_std,classifier_case2_recall_count,classifier_case2_f1_mean,classifier_case2_f1_std,classifier_case2_f1_count,classifier_case1_first100_accuracy_mean,classifier_case1_first100_accuracy_std,classifier_case1_first100_accuracy_count,classifier_case1_last100_accuracy_mean,classifier_case1_last100_accuracy_std,classifier_case1_last100_accuracy_count,classifier_case2_first100_accuracy_mean,classifier_case2_first100_accuracy_std,classifier_case2_first100_accuracy_count,classifier_case2_last100_accuracy_mean,classifier_case2_last100_accuracy_std,classifier_case2_last100_accuracy_count,classifier_case2_replacements_mean,classifier_case2_replacements_std,classifier_case2_replacements_count
source_expansion_Faces_to_PetImages_to_GarbageDataset,Faces->PetImages->GarbageDataset,0.55,data,frechet,none,both,1.0,0.0,10,0.6503376593753569,0.06818798067392035,10,0.7862472095719962,0.05059851769697176,10,29.7,15.127605377072884,10,29.7,15.127605377072884,10,0.0,0.0,10,29.7,15.127605377072884,10,2.8782372930581683,0.8655844573952481,10,0.14405092836254382,0.12096466944522213,10,244.4,64.6085649636847,10,244.4,64.6085649636847,10,2.0,0.0,10,3.1761778631045674,0.719832303419865,10,1.334665716114614,0.16529333818769526,10,4.511587029402472,0.8820314555125691,10,4.365711050286336,0.9433592972849378,10,5.418649035000271,0.969304293584357,10,229.00326088170186,41.8231435691861,10,4511.587029402472,882.031455512569,10,4.520531843399658,0.8836472827968258,10,,,0,,,0,,,0,,,0,,,0,,,0,,,0,,,0,,,0,,,0,,,0,,,0,,,0,,,0,,,0,,,0
source_expansion_Faces_to_PetImages_to_GarbageDataset,Faces->PetImages->GarbageDataset,0.55,data,kswin,none,both,0.75,0.26352313834736496,10,0.23380952380952377,0.07260755395208207,10,0.3545299145299145,0.11131951381301895,10,97.9,69.31602348022506,10,97.9,69.31602348022506,10,0.05,0.15811388300841897,10,97.9,69.31602348022506,10,178.53125,85.7234379414405,8,3.0758966935564693,2.4112972311857797,8,7.8,1.4757295747452437,10,7.8,1.4757295747452437,10,2.0,0.0,10,2.591810102011732,0.2060033176245669,10,0.12920679238541197,0.02081280458798083,10,2.7216496267019465,0.2106360630607934,10,2.740582699971128,0.16162758598303115,10,3.6363236950637656,0.5875494189207127,10,369.1550902722139,24.905110498910336,10,2721.6496267019465,210.63606306079333,10,2.728747290099818,0.2109204490345427,10,,,0,,,0,,,0,,,0,,,0,,,0,,,0,,,0,,,0,,,0,,,0,,,0,,,0,,,0,,,0,,,0
source_expansion_Faces_to_PetImages_to_GarbageDataset,Faces->PetImages->GarbageDataset,0.55,data,mmd,none,both,0.65,0.24152294576982394,10,0.6409175846067683,0.13175696893259586,10,0.6249732794804638,0.13686570113358706,10,57.9,28.911550940372912,10,57.9,28.911550940372912,10,0.2,0.2581988897471611,10,57.9,28.911550940372912,10,5.197524657455348,3.5843988047804216,10,0.08223317468664362,0.051441752481365566,10,66.9,17.603345641603976,10,66.9,17.603345641603976,10,2.0,0.0,10,38.111601356897516,0.7569656773990249,10,1.8846942464981111,0.11723475745196325,10,39.997402707289986,0.8330315743112053,10,41.97090544994353,0.6683360225402001,10,55.02558413473707,1.7951681824526846,10,25.01097084758021,0.49876100205342616,10,39997.402707289984,833.0315743112058,10,40.010035922700446,0.8350659693568756,10,,,0,,,0,,,0,,,0,,,0,,,0,,,0,,,0,,,0,,,0,,,0,,,0,,,0,,,0,,,0,,,0
source_expansion_Faces_to_PetImages_to_GarbageDataset,Faces->PetImages->GarbageDataset,0.55,performance,adwin,gaussian_nb,both,0.1,0.21081851067789198,10,0.2,0.42163702135578396,10,0.13333333333333333,0.28109134757052257,10,175.35,69.35818865377998,10,175.35,69.35818865377998,10,0.45,0.15811388300841897,10,175.35,69.35818865377998,10,,,0,,,0,1.1,0.31622776601683794,10,1.1,0.31622776601683794,10,2.0,0.0,10,2.9306015280015343,0.1610087794305057,10,0.03959684368473972,0.0028718142727932666,10,7.182895014899623,0.5380018928006102,10,6.779514250229113,0.9884284480612507,10,10.253561789868396,1.6071105862440032,10,139.943531705177,10.763929742180503,10,7182.895014899623,538.0018928006104,10,7.195556306800245,0.5384517423463012,10,0.6438115996318146,0.06616767699519309,10,0.4628972205221421,0.04256544128733478,10,0.5044446061448475,0.04843025750206272,10,0.7111,0.026434195025887692,10,0.6438115996318146,0.06616767699519309,10,0.4628972205221421,0.04256544128733478,10,0.5044446061448475,0.04843025750206272,10,0.7,0.021535500406950785,10,0.636107291530825,0.03702794057164134,10,0.4521459566173166,0.03548632528769367,10,0.4926393133992198,0.03717611889919366,10,0.567,0.04762119042797835,10,0.761,0.029230881691191698,10,0.567,0.04762119042797835,10,0.794,0.04005551702879946,10,1.1,0.31622776601683794,10
source_expansion_Faces_to_PetImages_to_GarbageDataset,Faces->PetImages->GarbageDataset,0.55,performance,adwin,hoeffding_tree,both,0.6,0.21081851067789198,10,0.41666666666666663,0.1416394309331329,10,0.49000000000000005,0.16633299933166198,10,106.7,61.254115507993966,10,106.7,61.254115507993966,10,0.1,0.21081851067789198,10,106.7,61.254115507993966,10,192.0,,1,24.0,,1,2.9,0.31622776601683805,10,2.9,0.31622776601683805,10,2.0,0.0,10,2.8886150794998686,0.09903547132794162,10,0.05158190059155458,0.0016108571301576174,10,9.479674240690656,0.44004807475553465,10,7.895161100259429,0.5912965709729775,10,14.577654190125022,1.1432311364506906,10,105.69679866323864,4.984052302925307,10,9479.674240690656,440.04807475553457,10,9.494013389800056,0.4402158486425367,10,0.35659937069750897,0.05559045161050564,10,0.2511631003321223,0.029772183542743972,10,0.25993622328194227,0.02768549925791727,10,0.5195000000000001,0.04359217564859293,10,0.35659937069750897,0.05559045161050564,10,0.2511631003321223,0.029772183542743972,10,0.25993622328194227,0.02768549925791727,10,0.5219,0.030697267341283384,10,0.1852665864526924,0.015379613064276364,10,0.1897600389820391,0.012970917271944648,10,0.17465062394124103,0.01147216798655315,10,0.5680000000000001,0.03881580434135902,10,0.635,0.055427630494386294,10,0.5680000000000001,0.03881580434135902,10,0.506,0.0548128127762519,10,2.9,0.31622776601683805,10
source_expansion_Faces_to_PetImages_to_GarbageDataset,Faces->PetImages->GarbageDataset,0.55,performance,adwin,logistic_regression,both,0.05,0.15811388300841897,10,0.1,0.31622776601683794,10,0.06666666666666667,0.21081851067789195,10,202.4,68.31333040564712,10,202.4,68.31333040564712,10,0.5,0.0,10,202.4,68.31333040564712,10,,,0,,,0,1.0,0.0,10,1.0,0.0,10,2.0,0.0,10,2.9254881832001045,0.29855510477589925,10,0.045122666693714564,0.003954450367451094,10,6.899330294809806,0.5293192397360942,10,6.625678749696817,1.1517701872104595,10,9.17538551004327,0.5227493194726469,10,145.66903411250237,10.575131662506648,10,6899.330294809806,529.3192397360941,10,6.912056991599821,0.5297669892941721,10,0.6007154003124335,0.02568198833585288,10,0.5651716521588745,0.03214679567985852,10,0.5746951435656497,0.032402360720034384,10,0.739,0.020088692231092498,10,0.6007154003124335,0.02568198833585288,10,0.5651716521588745,0.03214679567985852,10,0.5746951435656497,0.032402360720034384,10,0.7276,0.01878060465243628,10,0.5955501612444909,0.037681443886903684,10,0.5657567339815616,0.04614305937520108,10,0.5702432596963181,0.04367087016056252,10,0.561,0.04357624225296268,10,0.8160000000000001,0.02796823595120401,10,0.561,0.04357624225296268,10,0.805,0.0427525177946022,10,1.0,0.0,10
source_expansion_Faces_to_PetImages_to_GarbageDataset,Faces->PetImages->GarbageDataset,0.55,performance,hddm_w,gaussian_nb,both,0.4,0.31622776601683794,10,0.7,0.48304589153964794,10,0.5,0.36004114991154784,10,98.85714285714286,67.85629072146656,7,98.85714285714286,67.85629072146656,7,0.6,0.31622776601683794,10,98.85714285714286,67.85629072146656,7,,,0,,,0,1.0,0.6666666666666666,10,1.0,0.6666666666666666,10,2.0,0.0,10,2.9620444272899475,0.29490070626805337,10,0.02574700890454551,0.002454685329281883,10,7.876799462500458,1.1382587893588598,10,6.958323650269449,1.2069907624726346,10,11.123886574996503,1.6838006450879879,10,129.24516354900848,17.741529153165178,10,7876.799462500458,1138.2587893588598,10,7.889478467000117,1.1386804493640212,10,0.6438115996318146,0.06616767699519309,10,0.4628972205221421,0.04256544128733478,10,0.5044446061448475,0.04843025750206272,10,0.7111,0.026434195025887692,10,0.6438115996318146,0.06616767699519309,10,0.4628972205221421,0.04256544128733478,10,0.5044446061448475,0.04843025750206272,10,0.7107,0.02747948729911501,10,0.6520652630509879,0.0687266231189582,10,0.46246407299496656,0.04674283673482213,10,0.5024220933349957,0.05122954600706713,10,0.567,0.04762119042797835,10,0.761,0.029230881691191698,10,0.567,0.04762119042797835,10,0.778,0.038528488738133054,10,1.0,0.6666666666666666,10
source_expansion_Faces_to_PetImages_to_GarbageDataset,Faces->PetImages->GarbageDataset,0.55,performance,hddm_w,hoeffding_tree,both,0.95,0.15811388300841897,10,0.8916666666666666,0.1844661968431554,10,0.8990476190476191,0.14170256536844344,10,33.75,9.914215383310303,10,33.75,9.914215383310303,10,0.05,0.15811388300841897,10,33.75,9.914215383310303,10,136.0,,1,3.7260273972602738,,1,2.4,0.9660917830792958,10,2.4,0.9660917830792958,10,2.0,0.0,10,3.0178659545910707,0.3254344023089299,10,0.0387971116024346,0.00491856577735569,10,9.752310371287422,0.7799595880986481,10,8.047503300076642,0.9887215362131695,10,14.45666135467945,2.2640522494440325,10,103.09195320414528,7.698275594905088,10,9752.310371287422,779.9595880986482,10,9.765731865199996,0.7808582736376719,10,0.35659937069750897,0.05559045161050564,10,0.2511631003321223,0.029772183542743972,10,0.25993622328194227,0.02768549925791727,10,0.5195000000000001,0.04359217564859293,10,0.35659937069750897,0.05559045161050564,10,0.2511631003321223,0.029772183542743972,10,0.25993622328194227,0.02768549925791727,10,0.5413,0.039415310054173924,10,0.19440516394528112,0.020471301654532564,10,0.19935935969842786,0.017955876121012675,10,0.18753972385490006,0.018734914473364426,10,0.5680000000000001,0.03881580434135902,10,0.635,0.055427630494386294,10,0.5680000000000001,0.03881580434135902,10,0.506,0.0548128127762519,10,2.4,0.9660917830792958,10
source_expansion_Faces_to_PetImages_to_GarbageDataset,Faces->PetImages->GarbageDataset,0.55,performance,hddm_w,logistic_regression,both,0.3,0.2581988897471611,10,0.6,0.5163977794943222,10,0.4,0.34426518632954817,10,63.57142857142857,70.4718788899921,7,63.57142857142857,70.4718788899921,7,0.65,0.24152294576982394,10,63.57142857142857,70.4718788899921,7,,,0,,,0,0.7,0.48304589153964794,10,0.7,0.48304589153964794,10,2.0,0.0,10,3.2094876808125266,0.4763782570488407,10,0.029630991594785883,0.004646418895444831,10,7.611981050206305,0.8799367204181114,10,7.145228399895132,1.3466244327509724,10,10.59694493516872,1.7996456523428188,10,132.97720811232344,15.514126139154405,10,7611.981050206305,879.9367204181113,10,7.64711893779986,0.878265228258946,10,0.6007154003124335,0.02568198833585288,10,0.5651716521588745,0.03214679567985852,10,0.5746951435656497,0.032402360720034384,10,0.739,0.020088692231092498,10,0.6007154003124335,0.02568198833585288,10,0.5651716521588745,0.03214679567985852,10,0.5746951435656497,0.032402360720034384,10,0.734,0.018312108926427168,10,0.5862744701163841,0.02843709525493768,10,0.5657935121601373,0.034586953018329945,10,0.5671301498591003,0.028438427277111062,10,0.561,0.04357624225296268,10,0.8160000000000001,0.02796823595120401,10,0.561,0.04357624225296268,10,0.8099999999999999,0.02260776661041752,10,0.7,0.48304589153964794,10
source_expansion_Faces_to_PetImages_to_GarbageDataset,Faces->PetImages->GarbageDataset,0.55,performance,kswin,gaussian_nb,both,0.15,0.24152294576982397,10,0.3,0.48304589153964794,10,0.2,0.3220305943597653,10,115.75,105.11382719065396,4,115.75,105.11382719065396,4,0.8,0.2581988897471611,10,115.75,105.11382719065396,4,,,0,,,0,0.8,0.9189365834726815,10,0.8,0.9189365834726815,10,2.0,0.0,10,2.996993130199371,0.36136526881477915,10,0.25374967660482073,0.025394469858174982,10,7.62167894401482,0.6157837177498464,10,6.908280700008618,1.029995182855654,10,10.044137089662398,0.9676659272655278,10,131.93111284584617,10.00350134955323,10,7621.67894401482,615.7837177498465,10,7.633969682899988,0.616240055774234,10,0.6438115996318146,0.06616767699519309,10,0.4628972205221421,0.04256544128733478,10,0.5044446061448475,0.04843025750206272,10,0.7111,0.026434195025887692,10,0.6438115996318146,0.06616767699519309,10,0.4628972205221421,0.04256544128733478,10,0.5044446061448475,0.04843025750206272,10,0.7045,0.028351954665125485,10,0.6142166564266243,0.06791584337553508,10,0.4538294696279025,0.059249355665293185,10,0.4891172904301791,0.06550562129028131,10,0.567,0.04762119042797835,10,0.761,0.029230881691191698,10,0.567,0.04762119042797835,10,0.767,0.05907622195096772,10,0.8,0.9189365834726815,10
source_expansion_Faces_to_PetImages_to_GarbageDataset,Faces->PetImages->GarbageDataset,0.55,performance,kswin,hoeffding_tree,both,0.8,0.2581988897471611,10,0.5166666666666666,0.17033010796395437,10,0.6095238095238095,0.17827311943935475,10,50.25,23.504432206146426,10,50.25,23.504432206146426,10,0.1,0.21081851067789198,10,50.25,23.504432206146426,10,226.6,190.1191731519996,5,5.998373384441496,6.132876726783825,5,3.8,1.3165611772087666,10,3.8,1.3165611772087666,10,2.0,0.0,10,2.944812549197377,0.16598086401747858,10,0.23639380499971593,0.03316008967276796,10,9.76703541520892,0.5031981509719345,10,8.430664200022875,0.9480664378495077,10,14.599872799763029,1.2000538489072914,10,102.64027161316339,5.51407253813414,10,9767.03541520892,503.1981509719342,10,9.780853175299853,0.5036488373637188,10,0.35659937069750897,0.05559045161050564,10,0.2511631003321223,0.029772183542743972,10,0.25993622328194227,0.02768549925791727,10,0.5195000000000001,0.04359217564859293,10,0.35659937069750897,0.05559045161050564,10,0.2511631003321223,0.029772183542743972,10,0.25993622328194227,0.02768549925791727,10,0.5201,0.03242238595648248,10,0.18596712437912535,0.01072006075519538,10,0.19012397450874047,0.01359192342385365,10,0.17725947988137486,0.013460328358721806,10,0.5680000000000001,0.03881580434135902,10,0.635,0.055427630494386294,10,0.5680000000000001,0.03881580434135902,10,0.506,0.0548128127762519,10,3.8,1.3165611772087666,10
source_expansion_Faces_to_PetImages_to_GarbageDataset,Faces->PetImages->GarbageDataset,0.55,performance,kswin,logistic_regression,both,0.25,0.26352313834736496,10,0.45,0.49721446300587663,10,0.31666666666666665,0.3374742788552764,10,94.83333333333333,70.12393790045356,6,94.83333333333333,70.12393790045356,6,0.7,0.2581988897471611,10,94.83333333333333,70.12393790045356,6,,,0,,,0,0.7,0.6749485577105528,10,0.7,0.6749485577105528,10,2.0,0.0,10,2.981630883497746,0.2876703870257629,10,0.2706693193962565,0.028969423562679775,10,7.223892072397575,0.6213057682318646,10,7.05798014996617,1.2088618321337303,10,9.457055150023734,0.3351016137675524,10,139.29123986465567,11.167154250227927,10,7223.892072397575,621.3057682318645,10,7.236263239199798,0.6217475968561443,10,0.6007154003124335,0.02568198833585288,10,0.5651716521588745,0.03214679567985852,10,0.5746951435656497,0.032402360720034384,10,0.739,0.020088692231092498,10,0.6007154003124335,0.02568198833585288,10,0.5651716521588745,0.03214679567985852,10,0.5746951435656497,0.032402360720034384,10,0.731,0.0221359436211787,10,0.5862483317014959,0.028750044335397046,10,0.5569178536906273,0.03171030714787963,10,0.5640807184695376,0.03037073019643077,10,0.561,0.04357624225296268,10,0.8160000000000001,0.02796823595120401,10,0.561,0.04357624225296268,10,0.808,0.037653389990514485,10,0.7,0.6749485577105528,10
source_expansion_Faces_to_PetImages_to_GarbageDataset,Faces->PetImages->GarbageDataset,0.55,performance,page_hinkley,gaussian_nb,both,0.6,0.21081851067789198,10,0.6166666666666667,0.27273194908074616,10,0.5966666666666667,0.2246808436014995,10,141.65,43.32951906290009,10,141.65,43.32951906290009,10,0.1,0.21081851067789198,10,141.65,43.32951906290009,10,,,0,,,0,2.1,0.5676462121975466,10,2.1,0.5676462121975466,10,2.0,0.0,10,2.924893249900015,0.32193925734334106,10,0.01527434168929176,0.0010654432304038617,10,7.237704904803468,0.5921362575008765,10,6.456030550361902,0.9504779802752962,10,10.129166400420214,1.3352226541849124,10,138.94146266453305,10.570268679313264,10,7237.704904803468,592.1362575008766,10,7.250166053600333,0.5927863210572138,10,0.6438115996318146,0.06616767699519309,10,0.4628972205221421,0.04256544128733478,10,0.5044446061448475,0.04843025750206272,10,0.7111,0.026434195025887692,10,0.6438115996318146,0.06616767699519309,10,0.4628972205221421,0.04256544128733478,10,0.5044446061448475,0.04843025750206272,10,0.6859999999999999,0.01941934888483932,10,0.5849978574233672,0.11443289048774513,10,0.4026519384888211,0.058163132710352734,10,0.42973178007145424,0.06744255436360476,10,0.567,0.04762119042797835,10,0.761,0.029230881691191698,10,0.567,0.04762119042797835,10,0.732,0.07435649863252637,10,2.1,0.5676462121975466,10
source_expansion_Faces_to_PetImages_to_GarbageDataset,Faces->PetImages->GarbageDataset,0.55,performance,page_hinkley,hoeffding_tree,both,0.85,0.24152294576982397,10,0.475,0.13315960904674315,10,0.6045238095238095,0.15881922104564344,10,79.0,34.882341919340476,10,79.0,34.882341919340476,10,0.0,0.0,10,79.0,34.882341919340476,10,302.2142857142857,130.84655680823792,7,5.151630508487785,2.1355673093568495,7,3.9,0.7378647873726218,10,3.9,0.7378647873726218,10,2.0,0.0,10,3.0221882715952235,0.38352387420922457,10,0.02359859039697767,0.004327899103760411,10,9.713806610799475,0.9938554432499451,10,8.077148200027295,1.1726177279926537,10,15.176667445120978,3.0452181087198746,10,103.75853572945725,8.85331803535761,10,9713.806610799475,993.8554432499452,10,9.727287174500088,0.9950397972236554,10,0.35659937069750897,0.05559045161050564,10,0.2511631003321223,0.029772183542743972,10,0.25993622328194227,0.02768549925791727,10,0.5195000000000001,0.04359217564859293,10,0.35659937069750897,0.05559045161050564,10,0.2511631003321223,0.029772183542743972,10,0.25993622328194227,0.02768549925791727,10,0.5172000000000001,0.026397811357088786,10,0.1795298253923786,0.01756858999558571,10,0.18592002054833975,0.010720450912237955,10,0.17042463694382898,0.011861323589743199,10,0.5680000000000001,0.03881580434135902,10,0.635,0.055427630494386294,10,0.5680000000000001,0.03881580434135902,10,0.506,0.0548128127762519,10,3.9,0.7378647873726218,10
source_expansion_Faces_to_PetImages_to_GarbageDataset,Faces->PetImages->GarbageDataset,0.55,performance,page_hinkley,logistic_regression,both,0.2,0.2581988897471611,10,0.2833333333333333,0.41611074024608896,10,0.22333333333333333,0.29816310061424645,10,161.6,33.50107792627309,10,161.6,33.50107792627309,10,0.3,0.2581988897471611,10,161.6,33.50107792627309,10,,,0,,,0,1.6,0.6992058987801011,10,1.6,0.6992058987801011,10,2.0,0.0,10,2.8918736724030167,0.19899400220675184,10,0.018250787408760516,0.0012803975733602934,10,6.771091061009974,0.46882392828578295,10,6.212190750375157,1.1701037816110245,10,9.368389305118397,0.561486325610889,10,148.31472325437431,10.109675152072372,10,6771.0910610099745,468.82392828578304,10,6.783002117099931,0.46910329671160067,10,0.6007154003124335,0.02568198833585288,10,0.5651716521588745,0.03214679567985852,10,0.5746951435656497,0.032402360720034384,10,0.739,0.020088692231092498,10,0.6007154003124335,0.02568198833585288,10,0.5651716521588745,0.03214679567985852,10,0.5746951435656497,0.032402360720034384,10,0.7135,0.029197602641312867,10,0.5681456167613708,0.06017429154450528,10,0.5482946184475821,0.05372669884419993,10,0.5503833111590082,0.05527509379541,10,0.561,0.04357624225296268,10,0.8160000000000001,0.02796823595120401,10,0.561,0.04357624225296268,10,0.776,0.0754541803569115,10,1.6,0.6992058987801011,10
source_expansion_Faces_to_PetImages_to_GarbageDataset,Faces->PetImages->GarbageDataset,0.65,data,frechet,none,both,1.0,0.0,10,0.643381534219886,0.2123605386022212,10,0.7623852278842491,0.17821841571693076,10,29.5,15.222424978373919,10,29.5,15.222424978373919,10,0.0,0.0,10,29.5,15.222424978373919,10,2.9989916000700076,0.4575447523199967,10,0.14515363626193306,0.11540850430181222,10,198.3,44.93217110267432,10,198.3,44.93217110267432,10,2.0,0.0,10,3.907125122810976,0.4466253749753923,10,1.5070049023966932,0.103959334071369,10,5.415023586107418,0.5501203217082068,10,5.281420449773577,0.5500121497814066,10,6.386841980274767,0.6027213199531191,10,186.9854153822377,25.3323602664522,10,5415.023586107418,550.1203217082069,10,5.425904147599977,0.5511006285473218,10,,,0,,,0,,,0,,,0,,,0,,,0,,,0,,,0,,,0,,,0,,,0,,,0,,,0,,,0,,,0,,,0
source_expansion_Faces_to_PetImages_to_GarbageDataset,Faces->PetImages->GarbageDataset,0.65,data,kswin,none,both,0.95,0.15811388300841897,10,0.31238095238095237,0.074031733931104,10,0.4661172161172161,0.09484168411097567,10,53.95,26.070896928695543,10,53.95,26.070896928695543,10,0.0,0.0,10,53.95,26.070896928695543,10,169.86666666666667,47.6337331191268,10,3.664703291388178,1.7008473888407478,10,8.6,1.1737877907772674,10,8.6,1.1737877907772674,10,2.0,0.0,10,2.7433053982049387,0.48749261673648575,10,0.1242525377894708,0.024783399900193966,10,2.8682170698995835,0.5066586053094174,10,2.7783420498963096,0.5812147968774359,10,4.030589184758355,0.7897185404023459,10,356.2679681400858,48.46614297478662,10,2868.2170698995833,506.6586053094175,10,2.875749725000605,0.5075787368669656,10,,,0,,,0,,,0,,,0,,,0,,,0,,,0,,,0,,,0,,,0,,,0,,,0,,,0,,,0,,,0,,,0
source_expansion_Faces_to_PetImages_to_GarbageDataset,Faces->PetImages->GarbageDataset,0.65,data,mmd,none,both,0.75,0.26352313834736496,10,0.6400364409479171,0.2682563973246819,10,0.6752761892878174,0.26620658398278446,10,48.85,27.624516084248224,10,48.85,27.624516084248224,10,0.15,0.24152294576982397,10,48.85,27.624516084248224,10,5.654605064885047,2.582023613236968,10,0.11323841512687045,0.05402819588884369,10,71.2,11.688550903436331,10,71.2,11.688550903436331,10,2.0,0.0,10,37.54907575339912,0.29645193862893165,10,1.8761932346978938,0.06606287359274239,10,39.42632772059278,0.2742168820383407,10,41.46109554985742,0.22013565155652762,10,54.238606989601976,0.695744682081667,10,25.364865775995522,0.17630586323741917,10,39426.32772059278,274.2168820383408,10,39.43929722029952,0.27368922928668377,10,,,0,,,0,,,0,,,0,,,0,,,0,,,0,,,0,,,0,,,0,,,0,,,0,,,0,,,0,,,0,,,0
source_expansion_Faces_to_PetImages_to_GarbageDataset,Faces->PetImages->GarbageDataset,0.65,performance,adwin,gaussian_nb,both,0.0,0.0,10,0.0,0.0,10,0.0,0.0,10,230.55,73.82353208082698,10,230.55,73.82353208082698,10,0.45,0.15811388300841897,10,230.55,73.82353208082698,10,,,0,,,0,1.1,0.31622776601683794,10,1.1,0.31622776601683794,10,2.0,0.0,10,2.9423752894968858,0.2753915175242358,10,0.03980266769285663,0.00398186282728388,10,7.380108103804014,0.6169236900405981,10,6.717616400055704,1.1385941036964609,10,10.005663834508594,1.6618448636133427,10,136.30118470163592,10.680919067804773,10,7380.108103804014,616.9236900405981,10,7.392712196199682,0.6173728438512932,10,0.6141423628781635,0.07506122848260605,10,0.4149417863268573,0.03378162221195793,10,0.4577532421536826,0.04114564939166714,10,0.7464000000000001,0.01996218647565666,10,0.6141423628781635,0.07506122848260605,10,0.4149417863268573,0.03378162221195793,10,0.4577532421536826,0.04114564939166714,10,0.7358,0.018449932249198112,10,0.594335434218775,0.06863198921040808,10,0.39825399587016297,0.03198376343267271,10,0.43949440680284874,0.0420155286715355,10,0.5940000000000001,0.03806427312965381,10,0.8140000000000001,0.017763883459298913,10,0.5940000000000001,0.03806427312965381,10,0.8150000000000001,0.02549509756796388,10,1.1,0.31622776601683794,10
source_expansion_Faces_to_PetImages_to_GarbageDataset,Faces->PetImages->GarbageDataset,0.65,performance,adwin,hoeffding_tree,both,0.65,0.4116363011742823,10,0.42666666666666664,0.26887970599562977,10,0.515,0.3249358911128984,10,116.05,39.36188935167281,10,116.05,39.36188935167281,10,0.0,0.0,10,116.05,39.36188935167281,10,256.0,226.27416997969522,2,3.8396871945259043,4.058779099831288,2,3.3,0.674948557710553,10,3.3,0.674948557710553,10,2.0,0.0,10,2.946893006006212,0.16614330970062235,10,0.0526283124989277,0.002919042241784521,10,9.418805749792956,0.4769097878662581,10,7.725665249836311,0.8562663319267454,10,15.41503149495838,1.1771064872814203,10,106.41644721007717,5.402952113535961,10,9418.805749792955,476.9097878662583,10,9.433242197400068,0.4772256741357224,10,0.28184359110879753,0.040551353772809356,10,0.2227147962785038,0.02958074771509991,10,0.2222977275897407,0.02780683725688539,10,0.5447,0.0326566311115454,10,0.28184359110879753,0.040551353772809356,10,0.2227147962785038,0.02958074771509991,10,0.2222977275897407,0.02780683725688539,10,0.5979,0.029384236136631704,10,0.19519709008177993,0.03186241141648849,10,0.18727501718617842,0.008597166226888947,10,0.1679824682375462,0.012324487893886005,10,0.603,0.05618422079789544,10,0.723,0.0333499958354154,10,0.603,0.05618422079789544,10,0.666,0.04880801391392833,10,3.3,0.674948557710553,10
source_expansion_Faces_to_PetImages_to_GarbageDataset,Faces->PetImages->GarbageDataset,0.65,performance,adwin,logistic_regression,both,0.05,0.15811388300841897,10,0.05,0.15811388300841897,10,0.05,0.15811388300841897,10,217.95,73.22281444710764,10,217.95,73.22281444710764,10,0.45,0.15811388300841897,10,217.95,73.22281444710764,10,,,0,,,0,1.1,0.31622776601683794,10,1.1,0.31622776601683794,10,2.0,0.0,10,2.896521290592136,0.3523516742240818,10,0.045578448700143784,0.004841482025696219,10,6.894146764101606,0.7762207049137851,10,6.327355500161502,1.29920496368892,10,9.45074485983241,0.7693405475583898,10,146.5498178503286,14.823564710802737,10,6894.146764101606,776.2207049137851,10,6.907115799700113,0.7767450857380109,10,0.5756359555878234,0.018354035814956395,10,0.5370390247199668,0.01862687498659943,10,0.5501051319382627,0.01720431068761991,10,0.7688,0.02248357425124198,10,0.5756359555878234,0.018354035814956395,10,0.5370390247199668,0.01862687498659943,10,0.5501051319382627,0.01720431068761991,10,0.7483,0.022867006800191415,10,0.5660660739797507,0.04621595584864681,10,0.5366752146594681,0.03215883603743932,10,0.5429378500947062,0.03473332217029517,10,0.568,0.052662447088350675,10,0.874,0.025033311140691492,10,0.568,0.052662447088350675,10,0.861,0.026436506745197815,10,1.1,0.31622776601683794,10
source_expansion_Faces_to_PetImages_to_GarbageDataset,Faces->PetImages->GarbageDataset,0.65,performance,hddm_w,gaussian_nb,both,0.55,0.3689323936863109,10,0.8,0.4216370213557839,10,0.6333333333333333,0.36683497820487065,10,94.77777777777777,87.95990248087162,9,94.77777777777777,87.95990248087162,9,0.4,0.31622776601683794,10,94.77777777777777,87.95990248087162,9,,,0,,,0,1.2,0.6324555320336758,10,1.2,0.6324555320336758,10,2.0,0.0,10,2.7913895384026546,0.18590861271385276,10,0.02527976568944723,0.0011875135918788407,10,7.32402809959367,0.6645681603887874,10,6.268859350257117,0.8261361364584584,10,9.90332663472145,1.3288942489172066,10,137.51319007704936,11.975081070145754,10,7324.02809959367,664.5681603887873,10,7.336459921200367,0.6649420084736702,10,0.6141423628781635,0.07506122848260605,10,0.4149417863268573,0.03378162221195793,10,0.4577532421536826,0.04114564939166714,10,0.7464000000000001,0.01996218647565666,10,0.6141423628781635,0.07506122848260605,10,0.4149417863268573,0.03378162221195793,10,0.4577532421536826,0.04114564939166714,10,0.7412,0.023752426776600746,10,0.5850481742189184,0.053381776475651385,10,0.40277806742293115,0.029368358692333552,10,0.44143310338919034,0.03643602974656024,10,0.5940000000000001,0.03806427312965381,10,0.8140000000000001,0.017763883459298913,10,0.5940000000000001,0.03806427312965381,10,0.833,0.03267686915507323,10,1.2,0.6324555320336758,10
source_expansion_Faces_to_PetImages_to_GarbageDataset,Faces->PetImages->GarbageDataset,0.65,performance,hddm_w,hoeffding_tree,both,0.95,0.15811388300841897,10,0.9666666666666666,0.105409255338946,10,0.9466666666666667,0.11674600476945511,10,35.8,7.06005980459404,10,35.8,7.06005980459404,10,0.05,0.15811388300841897,10,35.8,7.06005980459404,10,,,0,,,0,2.2,0.6324555320336759,10,2.2,0.6324555320336759,10,2.0,0.0,10,3.004274049701235,0.2002373367421041,10,0.039548201604702626,0.0028394706452807483,10,9.78472557260011,0.5594367645533553,10,8.145640049860958,0.7669466317421239,10,14.317369945038077,1.7594596276980212,10,102.48233557666003,5.496285118474626,10,9784.72557260011,559.4367645533549,10,9.798187223600507,0.5596954555673115,10,0.28184359110879753,0.040551353772809356,10,0.2227147962785038,0.02958074771509991,10,0.2222977275897407,0.02780683725688539,10,0.5447,0.0326566311115454,10,0.28184359110879753,0.040551353772809356,10,0.2227147962785038,0.02958074771509991,10,0.2222977275897407,0.02780683725688539,10,0.6121,0.04928928213448978,10,0.2076678802183512,0.018883784823177936,10,0.20046287873845597,0.01630193903176485,10,0.18772610269232862,0.01721516788744068,10,0.603,0.05618422079789544,10,0.723,0.0333499958354154,10,0.603,0.05618422079789544,10,0.674,0.05561774297230454,10,2.2,0.6324555320336759,10
source_expansion_Faces_to_PetImages_to_GarbageDataset,Faces->PetImages->GarbageDataset,0.65,performance,hddm_w,logistic_regression,both,0.2,0.2581988897471611,10,0.4,0.5163977794943222,10,0.26666666666666666,0.34426518632954817,10,58.25,46.37078821844632,4,58.25,46.37078821844632,4,0.8,0.2581988897471611,10,58.25,46.37078821844632,4,,,0,,,0,0.5,0.5270462766947299,10,0.5,0.5270462766947299,10,2.0,0.0,10,2.843298849301573,0.2625154422445132,10,0.027022451597440524,0.0017177530419289566,10,7.075594472615558,0.7283601451429678,10,5.9695022500818595,0.9139911541820268,10,10.172183620034046,1.6476051559722973,10,142.64495599450942,14.218257867815147,10,7075.594472615558,728.3601451429678,10,7.087511201700545,0.7287201267481366,10,0.5756359555878234,0.018354035814956395,10,0.5370390247199668,0.01862687498659943,10,0.5501051319382627,0.01720431068761991,10,0.7688,0.02248357425124198,10,0.5756359555878234,0.018354035814956395,10,0.5370390247199668,0.01862687498659943,10,0.5501051319382627,0.01720431068761991,10,0.7629,0.02192639201206317,10,0.5539293423504354,0.045767586494115046,10,0.5303873850799227,0.03047567755356985,10,0.5357332963840521,0.034297062028172245,10,0.568,0.052662447088350675,10,0.874,0.025033311140691492,10,0.568,0.052662447088350675,10,0.873,0.035292429153510455,10,0.5,0.5270462766947299,10
source_expansion_Faces_to_PetImages_to_GarbageDataset,Faces->PetImages->GarbageDataset,0.65,performance,kswin,gaussian_nb,both,0.4,0.39440531887330776,10,0.55,0.49721446300587663,10,0.45,0.416110740246089,10,66.08333333333333,32.65029351578124,6,66.08333333333333,32.65029351578124,6,0.6,0.39440531887330776,10,66.08333333333333,32.65029351578124,6,,,0,,,0,0.9,0.8755950357709131,10,0.9,0.8755950357709131,10,2.0,0.0,10,2.82454934780053,0.15448335320573162,10,0.24119239939318504,0.019732371705408078,10,7.235061342805966,0.4089916409554099,10,6.432952400155045,0.9151266546842973,10,10.378110220099186,2.301951979111982,10,138.61859672466966,7.923081776832461,10,7235.061342805966,408.99164095540993,10,7.247209165700224,0.4093321296318149,10,0.6141423628781635,0.07506122848260605,10,0.4149417863268573,0.03378162221195793,10,0.4577532421536826,0.04114564939166714,10,0.7464000000000001,0.01996218647565666,10,0.6141423628781635,0.07506122848260605,10,0.4149417863268573,0.03378162221195793,10,0.4577532421536826,0.04114564939166714,10,0.7464999999999999,0.01672821967016617,10,0.5957888093862609,0.056689778853496624,10,0.41411952541373587,0.03204480868000558,10,0.454023268735016,0.036624903751597736,10,0.5940000000000001,0.03806427312965381,10,0.8140000000000001,0.017763883459298913,10,0.5940000000000001,0.03806427312965381,10,0.829,0.022335820757001246,10,0.9,0.8755950357709131,10
source_expansion_Faces_to_PetImages_to_GarbageDataset,Faces->PetImages->GarbageDataset,0.65,performance,kswin,hoeffding_tree,both,0.8,0.2581988897471611,10,0.5161904761904762,0.15663618815477268,10,0.6090476190476191,0.1605365468272597,10,62.25,21.600218620292814,10,62.25,21.600218620292814,10,0.05,0.15811388300841897,10,62.25,21.600218620292814,10,329.6,126.57329892200804,5,7.052127195924962,4.038795443783773,5,3.9,1.3703203194062976,10,3.9,1.3703203194062976,10,2.0,0.0,10,2.916078430901689,0.16700391081372198,10,0.23693122911117825,0.03310028123860586,10,9.552698087199497,0.49753437939145595,10,7.789691650032182,0.958247049374107,10,14.772911535183079,0.8620303927076665,10,104.93679415643774,5.433835044557128,10,9552.698087199497,497.53437939145545,10,9.566387519599994,0.497939622329844,10,0.28184359110879753,0.040551353772809356,10,0.2227147962785038,0.02958074771509991,10,0.2222977275897407,0.02780683725688539,10,0.5447,0.0326566311115454,10,0.28184359110879753,0.040551353772809356,10,0.2227147962785038,0.02958074771509991,10,0.2222977275897407,0.02780683725688539,10,0.5974,0.03197985477001285,10,0.1803915181506784,0.027935975064591154,10,0.1854181462603885,0.010790132519660286,10,0.16654740226035528,0.014991344293949481,10,0.603,0.05618422079789544,10,0.723,0.0333499958354154,10,0.5970000000000001,0.06254775952999612,10,0.6649999999999999,0.04927248499698159,10,3.9,1.3703203194062976,10
source_expansion_Faces_to_PetImages_to_GarbageDataset,Faces->PetImages->GarbageDataset,0.65,performance,kswin,logistic_regression,both,0.15,0.24152294576982397,10,0.15,0.24152294576982397,10,0.15,0.24152294576982397,10,68.375,33.594084300662225,4,68.375,33.594084300662225,4,0.75,0.3535533905932738,10,68.375,33.594084300662225,4,,,0,,,0,0.7,0.9486832980505138,10,0.7,0.9486832980505138,10,2.0,0.0,10,2.990938301398819,0.4687187553006218,10,0.274520455100901,0.03473326466534708,10,7.309351737590987,0.8207122527520415,10,6.967583049936366,1.3149947272159221,10,9.598826289993667,0.7486189197587321,10,138.24555187754117,14.210254663571169,10,7309.351737590987,820.7122527520415,10,7.3220240014996305,0.8213492300964484,10,0.5756359555878234,0.018354035814956395,10,0.5370390247199668,0.01862687498659943,10,0.5501051319382627,0.01720431068761991,10,0.7688,0.02248357425124198,10,0.5756359555878234,0.018354035814956395,10,0.5370390247199668,0.01862687498659943,10,0.5501051319382627,0.01720431068761991,10,0.7596,0.026920458969176442,10,0.5610457871376718,0.03841829412545223,10,0.5334063882550131,0.02448288972300566,10,0.5400289359487862,0.029215997843011002,10,0.568,0.052662447088350675,10,0.874,0.025033311140691492,10,0.568,0.052662447088350675,10,0.869,0.04094712037087181,10,0.7,0.9486832980505138,10
source_expansion_Faces_to_PetImages_to_GarbageDataset,Faces->PetImages->GarbageDataset,0.65,performance,page_hinkley,gaussian_nb,both,0.3,0.2581988897471611,10,0.2833333333333333,0.2611702060787368,10,0.28714285714285714,0.252106769304697,10,155.85,66.18704556029073,10,155.85,66.18704556029073,10,0.0,0.0,10,155.85,66.18704556029073,10,,,0,,,0,2.4,0.5163977794943221,10,2.4,0.5163977794943221,10,2.0,0.0,10,2.8133774417163293,0.20762774505910625,10,0.014978625897856545,0.0006032684741168038,10,7.010396879498512,0.3992282414875372,10,6.206850499984284,0.8193186216603294,10,9.463275309926754,0.6811273841352651,10,143.04565234424877,7.820492791013892,10,7010.396879498512,399.22824148753716,10,7.022666242500236,0.3995090855879451,10,0.6141423628781635,0.07506122848260605,10,0.4149417863268573,0.03378162221195793,10,0.4577532421536826,0.04114564939166714,10,0.7464000000000001,0.01996218647565666,10,0.6141423628781635,0.07506122848260605,10,0.4149417863268573,0.03378162221195793,10,0.4577532421536826,0.04114564939166714,10,0.7266,0.01844631851255606,10,0.5121244318477924,0.09847986023652909,10,0.3496012861264856,0.042104419765161126,10,0.37842776529703787,0.056285858168443344,10,0.5940000000000001,0.03806427312965381,10,0.8140000000000001,0.017763883459298913,10,0.5940000000000001,0.03806427312965381,10,0.8,0.05120763831912402,10,2.4,0.5163977794943221,10
source_expansion_Faces_to_PetImages_to_GarbageDataset,Faces->PetImages->GarbageDataset,0.65,performance,page_hinkley,hoeffding_tree,both,0.85,0.24152294576982397,10,0.4245238095238095,0.0920090835394348,10,0.5638095238095238,0.13377101255296567,10,86.3,34.4280247601992,10,86.3,34.4280247601992,10,0.0,0.0,10,86.3,34.4280247601992,10,359.14285714285717,109.12901931724144,7,5.8037668267026845,2.484078948424145,7,4.2,1.1352924243950935,10,4.2,1.1352924243950935,10,2.0,0.0,10,2.896671554693421,0.18466249623558606,10,0.022452085697113943,0.0006851993104892818,10,9.17617158789435,0.4033591962277059,10,7.479756649900082,0.9537305401456362,10,14.150065805106346,1.1919852943657048,10,109.1586998122751,4.573337806131708,10,9176.17158789435,403.3591962277058,10,9.189427957800035,0.4036665984714389,10,0.28184359110879753,0.040551353772809356,10,0.2227147962785038,0.02958074771509991,10,0.2222977275897407,0.02780683725688539,10,0.5447,0.0326566311115454,10,0.28184359110879753,0.040551353772809356,10,0.2227147962785038,0.02958074771509991,10,0.2222977275897407,0.02780683725688539,10,0.6016,0.03194509178088068,10,0.18252911867860183,0.03045948692729697,10,0.185574019752563,0.005710468599188294,10,0.16476032681118122,0.008809876281088869,10,0.603,0.05618422079789544,10,0.723,0.0333499958354154,10,0.603,0.05618422079789544,10,0.666,0.04880801391392833,10,4.2,1.1352924243950935,10
source_expansion_Faces_to_PetImages_to_GarbageDataset,Faces->PetImages->GarbageDataset,0.65,performance,page_hinkley,logistic_regression,both,0.3,0.34960294939005043,10,0.4,0.45946829173634074,10,0.3333333333333333,0.376796110173626,10,149.35,41.02373973959739,10,149.35,41.02373973959739,10,0.3,0.2581988897471611,10,149.35,41.02373973959739,10,,,0,,,0,1.6,0.6992058987801011,10,1.6,0.6992058987801011,10,2.0,0.0,10,3.269975646200328,0.42038304824708883,10,0.019265318698853662,0.0013568668922734682,10,7.551268831505331,0.8443056556492854,10,7.596076949994313,1.1476691654800755,10,9.734260465138505,1.763608103978514,10,133.98016262680719,15.516288691471114,10,7551.268831505331,844.3056556492854,10,7.563792580999689,0.8450354084233529,10,0.5756359555878234,0.018354035814956395,10,0.5370390247199668,0.01862687498659943,10,0.5501051319382627,0.01720431068761991,10,0.7688,0.02248357425124198,10,0.5756359555878234,0.018354035814956395,10,0.5370390247199668,0.01862687498659943,10,0.5501051319382627,0.01720431068761991,10,0.7428,0.026611609830631794,10,0.5193026233667031,0.06517710298929232,10,0.5169772910887537,0.042495893434476094,10,0.51262742078877,0.051436757358312706,10,0.568,0.052662447088350675,10,0.874,0.025033311140691492,10,0.568,0.052662447088350675,10,0.8310000000000001,0.06935416353759881,10,1.6,0.6992058987801011,10
source_expansion_Faces_to_PetImages_to_GarbageDataset,Faces->PetImages->GarbageDataset,0.75,data,frechet,none,both,1.0,0.0,10,0.6896581656103548,0.09416699648071142,10,0.813020380310849,0.06604604927569029,10,23.25,18.568566629297663,10,23.25,18.568566629297663,10,0.0,0.0,10,23.25,18.568566629297663,10,3.0813283774627904,0.8566319017457429,10,1.0006535950315651,2.357139066576588,10,216.0,46.29614814791111,10,216.0,46.29614814791111,10,2.0,0.0,10,4.041935167302836,0.04503354431374713,10,1.529521808386744,0.006495530183026036,10,5.572397800194267,0.049104954921665035,10,5.547932999888872,0.15386074883152284,10,6.508459090118777,0.0354030336348637,10,179.46852797295773,1.5846754436702268,10,5572.397800194267,49.10495492166503,10,5.583695326200177,0.04921340368963477,10,,,0,,,0,,,0,,,0,,,0,,,0,,,0,,,0,,,0,,,0,,,0,,,0,,,0,,,0,,,0,,,0
source_expansion_Faces_to_PetImages_to_GarbageDataset,Faces->PetImages->GarbageDataset,0.75,data,kswin,none,both,1.0,0.0,10,0.3703174603174603,0.12414552155926381,10,0.5296825396825396,0.13276111781426134,10,53.4,18.161008293104825,10,53.4,18.161008293104825,10,0.0,0.0,10,53.4,18.161008293104825,10,200.25833333333333,118.49715088776826,10,4.094127975420212,2.4041155978897284,10,8.1,1.286683937707919,10,8.1,1.286683937707919,10,2.0,0.0,10,2.981355607702608,0.7088820312620292,10,0.14437997540881042,0.022263313437174657,10,3.1264341299067384,0.7276265907127399,10,3.0721446999450563,0.7162618464049461,10,4.026144119998207,0.9087542166763976,10,333.85305338437934,67.29303422783507,10,3126.4341299067382,727.6265907127399,10,3.1345753093000894,0.7290932063232684,10,,,0,,,0,,,0,,,0,,,0,,,0,,,0,,,0,,,0,,,0,,,0,,,0,,,0,,,0,,,0,,,0
source_expansion_Faces_to_PetImages_to_GarbageDataset,Faces->PetImages->GarbageDataset,0.75,data,mmd,none,both,0.9,0.21081851067789195,10,0.7105094910925037,0.13516130528994072,10,0.7816183507916661,0.14775338034297048,10,66.25,32.32495595940972,10,66.25,32.32495595940972,10,0.05,0.15811388300841897,10,66.25,32.32495595940972,10,6.525658614989686,2.2548768345272343,10,0.11332476253157002,0.06133164179874879,10,83.5,25.430733812106606,10,83.5,25.430733812106606,10,2.0,0.0,10,37.23573912178635,0.328421082208778,10,1.8962555754960704,0.07992618125654026,10,39.133394382700864,0.36990293929424284,10,41.10723730000245,0.3731858743364906,10,53.69569817969932,0.5658024753675069,10,25.55568047568213,0.2418804989313886,10,39133.39438270086,369.90293929424297,10,39.14627775980007,0.37005836756676347,10,,,0,,,0,,,0,,,0,,,0,,,0,,,0,,,0,,,0,,,0,,,0,,,0,,,0,,,0,,,0,,,0
source_expansion_Faces_to_PetImages_to_GarbageDataset,Faces->PetImages->GarbageDataset,0.75,performance,adwin,gaussian_nb,both,0.1,0.21081851067789195,10,0.2,0.4216370213557839,10,0.13333333333333333,0.28109134757052257,10,203.375,126.47296436110649,8,203.375,126.47296436110649,8,0.6,0.21081851067789192,10,203.375,126.47296436110649,8,,,0,,,0,0.8,0.4216370213557839,10,0.8,0.4216370213557839,10,2.0,0.0,10,2.97755618399824,0.3084961139609296,10,0.040078610905766254,0.004533612635755596,10,7.113588039696879,0.7435035301841035,10,6.577003949860227,1.1135338514863256,10,9.318791140185567,0.8589894770580347,10,141.85374838840812,13.659335882570224,10,7113.588039696879,743.503530184104,10,7.126156617200104,0.7440104341442811,10,0.44795876860039596,0.0834287985443667,10,0.33338043196582146,0.023196528420463877,10,0.35333979879560623,0.03387920762067864,10,0.7801,0.015905624441966738,10,0.44795876860039596,0.0834287985443667,10,0.33338043196582146,0.023196528420463877,10,0.35333979879560623,0.03387920762067864,10,0.7759,0.016175770632509447,10,0.46156177959924677,0.08878676913026226,10,0.3258431269404971,0.028657055033474755,10,0.3507937533901122,0.038010804329727504,10,0.6910000000000001,0.03348299734359381,10,0.79,0.031269438398822826,10,0.6910000000000001,0.03348299734359381,10,0.787,0.04667856991049412,10,0.8,0.4216370213557839,10
source_expansion_Faces_to_PetImages_to_GarbageDataset,Faces->PetImages->GarbageDataset,0.75,performance,adwin,hoeffding_tree,both,0.8,0.2581988897471611,10,0.49000000000000005,0.13970869163555472,10,0.6004761904761905,0.16987019483705298,10,124.95,48.68119075508869,10,124.95,48.68119075508869,10,0.05,0.15811388300841897,10,124.95,48.68119075508869,10,400.0,142.21111067704942,3,3.878301898324145,1.3095261520626607,3,3.3,0.8232726023485646,10,3.3,0.8232726023485646,10,2.0,0.0,10,2.9217370785925594,0.2428727052781365,10,0.05147219310965738,0.0031962209468950056,10,8.934191188095792,0.48172703012996715,10,7.29165485017802,0.8551699567047084,10,13.627047254576606,1.405063099278993,10,112.2243953132552,6.083239744567784,10,8934.191188095792,481.7270301299671,10,8.948488461299712,0.48196435355258593,10,0.2505798984949026,0.015736991173831823,10,0.20853538808429803,0.024720620932748148,10,0.1840594400573414,0.01713781500885039,10,0.5102,0.030857378012037553,10,0.2505798984949026,0.015736991173831823,10,0.20853538808429803,0.024720620932748148,10,0.1840594400573414,0.01713781500885039,10,0.6807000000000001,0.01861928510383191,10,0.19048054444211474,0.03635172166050526,10,0.18796979142512332,0.008156951107368788,10,0.17329683921316397,0.01248977398761435,10,0.727,0.03917198545446027,10,0.45999999999999996,0.31076965388817773,10,0.727,0.03917198545446027,10,0.744,0.035652645218989185,10,3.3,0.8232726023485646,10
source_expansion_Faces_to_PetImages_to_GarbageDataset,Faces->PetImages->GarbageDataset,0.75,performance,adwin,logistic_regression,both,0.05,0.15811388300841897,10,0.1,0.31622776601683794,10,0.06666666666666667,0.21081851067789195,10,214.5,43.61001414048536,10,214.5,43.61001414048536,10,0.5,0.0,10,214.5,43.61001414048536,10,,,0,,,0,1.0,0.0,10,1.0,0.0,10,2.0,0.0,10,2.8012028211001962,0.27096090816155144,10,0.04406237950261129,0.0033815600615533866,10,6.465437560606006,0.5071458055606992,10,5.918915199981711,1.0717824372997113,10,8.903444475336073,0.29499545031452606,10,155.4573251724437,11.19742948004194,10,6465.437560606006,507.1458055606992,10,6.477969692700026,0.5074471350020896,10,0.5244704367975237,0.03813173614152594,10,0.477519104486315,0.025290121581991877,10,0.49094026098474136,0.02779349593615316,10,0.7884,0.02308053532982091,10,0.5244704367975237,0.03813173614152594,10,0.477519104486315,0.025290121581991877,10,0.49094026098474136,0.02779349593615316,10,0.7661,0.017571757643066514,10,0.5095929531406324,0.039214270461679405,10,0.47972501184473904,0.03227691746048331,10,0.481160077136659,0.03056100593985424,10,0.5800000000000001,0.037416573867739396,10,0.892,0.029363620727393673,10,0.5800000000000001,0.037416573867739396,10,0.8939999999999999,0.033730961708462716,10,1.0,0.0,10
source_expansion_Faces_to_PetImages_to_GarbageDataset,Faces->PetImages->GarbageDataset,0.75,performance,hddm_w,gaussian_nb,both,0.1,0.21081851067789195,10,0.2,0.4216370213557839,10,0.13333333333333333,0.28109134757052257,10,144.0,163.3278910657944,3,144.0,163.3278910657944,3,0.85,0.24152294576982394,10,144.0,163.3278910657944,3,,,0,,,0,0.7,0.48304589153964794,10,0.7,0.48304589153964794,10,2.0,0.0,10,2.844582975115736,0.17353009895008628,10,0.024766556401846173,0.0014300257850105714,10,7.468979172193576,0.6662256646127422,10,6.141303200183756,0.5352299028413099,10,11.020163879984466,1.6631778416711174,10,134.90973055977923,12.806734858800619,10,7468.979172193576,666.2256646127422,10,7.481728050700258,0.6665825551523087,10,0.44795876860039596,0.0834287985443667,10,0.33338043196582146,0.023196528420463877,10,0.35333979879560623,0.03387920762067864,10,0.7801,0.015905624441966738,10,0.44795876860039596,0.0834287985443667,10,0.33338043196582146,0.023196528420463877,10,0.35333979879560623,0.03387920762067864,10,0.7842,0.014942854107863371,10,0.4161745477905102,0.06569672498832496,10,0.3280816196803421,0.028863379415791802,10,0.3425005039567187,0.036936381305669896,10,0.6910000000000001,0.03348299734359381,10,0.79,0.031269438398822826,10,0.692,0.03392802839999859,10,0.806,0.028751811537130394,10,0.7,0.48304589153964794,10
source_expansion_Faces_to_PetImages_to_GarbageDataset,Faces->PetImages->GarbageDataset,0.75,performance,hddm_w,hoeffding_tree,both,1.0,0.0,10,0.8416666666666666,0.16873713942763824,10,0.9057142857142857,0.10083551186717273,10,48.0,14.689376357687136,10,48.0,14.689376357687136,10,0.0,0.0,10,48.0,14.689376357687136,10,61.0,,1,0.991869918699187,,1,3.1,0.5676462121975466,10,3.1,0.5676462121975466,10,2.0,0.0,10,2.8423820155090653,0.13906071142356027,10,0.0395001374930871,0.002046882747094052,10,8.917605959290086,0.2682979717984576,10,7.201665000047797,0.4236273414437143,10,13.331400515126003,0.6121763781190979,10,112.22846992889974,3.353032383982717,10,8917.605959290086,268.2979717984576,10,8.930512434199773,0.2684740459100361,10,0.2505798984949026,0.015736991173831823,10,0.20853538808429803,0.024720620932748148,10,0.1840594400573414,0.01713781500885039,10,0.5102,0.030857378012037553,10,0.2505798984949026,0.015736991173831823,10,0.20853538808429803,0.024720620932748148,10,0.1840594400573414,0.01713781500885039,10,0.6979,0.015708808569292132,10,0.21941237229564284,0.017239736881016075,10,0.20095527607999975,0.006860487187474964,10,0.19236097111153921,0.010228423947409585,10,0.727,0.03917198545446027,10,0.45999999999999996,0.31076965388817773,10,0.727,0.03917198545446027,10,0.748,0.03457680661303988,10,3.1,0.5676462121975466,10
source_expansion_Faces_to_PetImages_to_GarbageDataset,Faces->PetImages->GarbageDataset,0.75,performance,hddm_w,logistic_regression,both,0.0,0.0,10,0.0,0.0,10,0.0,0.0,10,,,0,,,0,1.0,0.0,10,,,0,,,0,,,0,0.1,0.31622776601683794,10,0.1,0.31622776601683794,10,2.0,0.0,10,2.938075058614049,0.2959530789576131,10,0.026453200799733168,0.0013801943381258233,10,6.839156109695796,0.7095101556948346,10,6.474381000134599,1.0774586512501363,10,9.183595574804713,1.0002228981187942,10,147.5817015766725,14.666723166258308,10,6839.156109695796,709.5101556948346,10,6.851319365800191,0.7097652203739998,10,0.5244704367975237,0.03813173614152594,10,0.477519104486315,0.025290121581991877,10,0.49094026098474136,0.02779349593615316,10,0.7884,0.02308053532982091,10,0.5244704367975237,0.03813173614152594,10,0.477519104486315,0.025290121581991877,10,0.49094026098474136,0.02779349593615316,10,0.7875,0.023613790697622247,10,0.5322636071020622,0.04413732416042326,10,0.48506820119324906,0.029623459271598256,10,0.49843159887817307,0.03251491415105964,10,0.5800000000000001,0.037416573867739396,10,0.892,0.029363620727393673,10,0.5800000000000001,0.037416573867739396,10,0.89,0.03091206165165237,10,0.1,0.31622776601683794,10
source_expansion_Faces_to_PetImages_to_GarbageDataset,Faces->PetImages->GarbageDataset,0.75,performance,kswin,gaussian_nb,both,0.15,0.24152294576982397,10,0.3,0.48304589153964794,10,0.2,0.3220305943597653,10,60.333333333333336,16.258331197676267,3,60.333333333333336,16.258331197676267,3,0.85,0.24152294576982397,10,60.333333333333336,16.258331197676267,3,,,0,,,0,0.4,0.5163977794943222,10,0.4,0.5163977794943222,10,2.0,0.0,10,2.819620616501015,0.16857398968550696,10,0.24700070149920067,0.015660668592491846,10,7.009664081002484,0.32933629314591,10,6.211395150330645,0.5796088222424556,10,9.603153390080479,1.0319539712786006,10,142.9566255942296,7.013733710024026,10,7009.664081002484,329.3362931459103,10,7.021631758399963,0.32946597335298083,10,0.44795876860039596,0.0834287985443667,10,0.33338043196582146,0.023196528420463877,10,0.35333979879560623,0.03387920762067864,10,0.7801,0.015905624441966738,10,0.44795876860039596,0.0834287985443667,10,0.33338043196582146,0.023196528420463877,10,0.35333979879560623,0.03387920762067864,10,0.7804,0.01574237028602179,10,0.4385811897924121,0.07717872532099952,10,0.33502771207419085,0.026005032843531492,10,0.35117805915320244,0.035273160945086056,10,0.6910000000000001,0.03348299734359381,10,0.79,0.031269438398822826,10,0.6910000000000001,0.03348299734359381,10,0.799,0.03034981237357343,10,0.4,0.5163977794943222,10
source_expansion_Faces_to_PetImages_to_GarbageDataset,Faces->PetImages->GarbageDataset,0.75,performance,kswin,hoeffding_tree,both,0.9,0.21081851067789195,10,0.6383333333333333,0.21387806610424978,10,0.7357936507936508,0.20432272124854184,10,71.7,35.25478690901422,10,71.7,35.25478690901422,10,0.0,0.0,10,71.7,35.25478690901422,10,230.55555555555554,150.0161333916382,9,4.873654017920661,4.075127559051381,9,4.4,0.8432740427115679,10,4.4,0.8432740427115679,10,2.0,0.0,10,2.942069164896202,0.17193811764969097,10,0.22908328110606818,0.01563901379168036,10,9.204615453705447,0.3184180276734543,10,7.55887300001632,0.7253918245664422,10,14.245015330379825,1.4234596485393582,10,108.75591691262589,3.6885283007544873,10,9204.615453705446,318.41802767345456,10,9.218269585599774,0.31853059716578086,10,0.2505798984949026,0.015736991173831823,10,0.20853538808429803,0.024720620932748148,10,0.1840594400573414,0.01713781500885039,10,0.5102,0.030857378012037553,10,0.2505798984949026,0.015736991173831823,10,0.20853538808429803,0.024720620932748148,10,0.1840594400573414,0.01713781500885039,10,0.6773,0.017876427681912995,10,0.17801836057286183,0.024215695157944712,10,0.18499597082010616,0.00671894442103796,10,0.16896828942557307,0.008889882982879618,10,0.727,0.03917198545446027,10,0.45999999999999996,0.31076965388817773,10,0.727,0.03917198545446027,10,0.741,0.0378447119452933,10,4.4,0.8432740427115679,10
source_expansion_Faces_to_PetImages_to_GarbageDataset,Faces->PetImages->GarbageDataset,0.75,performance,kswin,logistic_regression,both,0.05,0.15811388300841897,10,0.1,0.31622776601683794,10,0.06666666666666667,0.21081851067789195,10,66.0,,1,66.0,,1,0.95,0.15811388300841897,10,66.0,,1,,,0,,,0,0.4,0.6992058987801011,10,0.4,0.6992058987801011,10,2.0,0.0,10,3.0242893225087757,0.3741517197559139,10,0.28600181020683524,0.034435174054201906,10,7.173688052918806,0.6665720540639869,10,6.924800200158643,1.2826732606569646,10,9.41965675472602,0.46168324687295204,10,140.45158715403997,12.611338813044778,10,7173.688052918806,666.5720540639869,10,7.186379561499962,0.6669692898880146,10,0.5244704367975237,0.03813173614152594,10,0.477519104486315,0.025290121581991877,10,0.49094026098474136,0.02779349593615316,10,0.7884,0.02308053532982091,10,0.5244704367975237,0.03813173614152594,10,0.477519104486315,0.025290121581991877,10,0.49094026098474136,0.02779349593615316,10,0.7865,0.022809598369497388,10,0.5293689098503739,0.04164801258671296,10,0.4849064018884873,0.029495070796103813,10,0.4964193965134706,0.032306706485169555,10,0.5800000000000001,0.037416573867739396,10,0.892,0.029363620727393673,10,0.5720000000000001,0.03392802839999859,10,0.889,0.0314289321768618,10,0.4,0.6992058987801011,10
source_expansion_Faces_to_PetImages_to_GarbageDataset,Faces->PetImages->GarbageDataset,0.75,performance,page_hinkley,gaussian_nb,both,0.3,0.34960294939005054,10,0.35,0.4116363011742823,10,0.31666666666666665,0.3638782865291737,10,193.3,69.28131061115977,10,193.3,69.28131061115977,10,0.15,0.24152294576982397,10,193.3,69.28131061115977,10,,,0,,,0,1.7,0.48304589153964794,10,1.7,0.48304589153964794,10,2.0,0.0,10,2.872061566198499,0.22709462180903003,10,0.014940081899840151,0.0007413678991740004,10,6.988024909612977,0.5612943161640718,10,6.247129549865349,0.9914757292885876,10,9.8575070752031,1.5764881343750956,10,143.92753645471043,11.443306363557845,10,6988.024909612977,561.2943161640718,10,7.000316344800012,0.5617063080363531,10,0.44795876860039596,0.0834287985443667,10,0.33338043196582146,0.023196528420463877,10,0.35333979879560623,0.03387920762067864,10,0.7801,0.015905624441966738,10,0.44795876860039596,0.0834287985443667,10,0.33338043196582146,0.023196528420463877,10,0.35333979879560623,0.03387920762067864,10,0.7755,0.020189381147303846,10,0.38652069145218293,0.09682826134577932,10,0.29816246582032424,0.02821102410097782,10,0.30982717632351975,0.03608308093786306,10,0.6910000000000001,0.03348299734359381,10,0.79,0.031269438398822826,10,0.6910000000000001,0.03348299734359381,10,0.769,0.04254409477236533,10,1.7,0.48304589153964794,10
source_expansion_Faces_to_PetImages_to_GarbageDataset,Faces->PetImages->GarbageDataset,0.75,performance,page_hinkley,hoeffding_tree,both,1.0,0.0,10,0.5566666666666666,0.1293860144711968,10,0.7073809523809523,0.10480067825044635,10,74.95,14.917271868542182,10,74.95,14.917271868542182,10,0.0,0.0,10,74.95,14.917271868542182,10,377.3333333333333,101.11287010069489,9,5.048511817152177,1.7353560703929034,9,4.2,0.6324555320336759,10,4.2,0.6324555320336759,10,2.0,0.0,10,3.00481604061315,0.24385017186687655,10,0.022009257406716644,0.0012865309342290454,10,8.978577299919925,0.6722241558650683,10,7.51587520026078,0.9594432255519968,10,13.196422220353265,0.7747324854048582,10,111.94198042665543,8.406131832060142,10,8978.577299919925,672.2241558650682,10,8.991816694000045,0.6725747558301597,10,0.2505798984949026,0.015736991173831823,10,0.20853538808429803,0.024720620932748148,10,0.1840594400573414,0.01713781500885039,10,0.5102,0.030857378012037553,10,0.2505798984949026,0.015736991173831823,10,0.20853538808429803,0.024720620932748148,10,0.1840594400573414,0.01713781500885039,10,0.6802,0.02313631104754791,10,0.17533688834046057,0.033323236585683154,10,0.18491507671370605,0.007265662087726272,10,0.16791773890230527,0.00891943975514337,10,0.727,0.03917198545446027,10,0.45999999999999996,0.31076965388817773,10,0.727,0.03917198545446027,10,0.743,0.03529242915351051,10,4.2,0.6324555320336759,10
source_expansion_Faces_to_PetImages_to_GarbageDataset,Faces->PetImages->GarbageDataset,0.75,performance,page_hinkley,logistic_regression,both,0.4,0.31622776601683794,10,0.6166666666666666,0.4584595785728391,10,0.46333333333333326,0.3275234418148899,10,150.15,51.347427718760486,10,150.15,51.347427718760486,10,0.4,0.21081851067789195,10,150.15,51.347427718760486,10,,,0,,,0,1.3,0.6749485577105528,10,1.3,0.6749485577105528,10,2.0,0.0,10,3.0791171673030475,0.3549112480924046,10,0.018732448399532586,0.0011607192093333262,10,6.991683940205258,0.7205057369310883,10,6.852887199875113,1.2382031867913281,10,9.695166210130992,1.3962422632088636,10,144.41138359913964,14.985324479239315,10,6991.683940205257,720.5057369310883,10,7.003973247999966,0.7210129502367904,10,0.5244704367975237,0.03813173614152594,10,0.477519104486315,0.025290121581991877,10,0.49094026098474136,0.02779349593615316,10,0.7884,0.02308053532982091,10,0.5244704367975237,0.03813173614152594,10,0.477519104486315,0.025290121581991877,10,0.49094026098474136,0.02779349593615316,10,0.7598,0.019042642206958123,10,0.5011907171582095,0.06054651708694954,10,0.4782039552675297,0.04907070536847053,10,0.4763948966435924,0.05078092014954179,10,0.5800000000000001,0.037416573867739396,10,0.892,0.029363620727393673,10,0.5800000000000001,0.037416573867739396,10,0.861,0.07752418977325726,10,1.3,0.6749485577105528,10
source_expansion_Faces_to_PetImages_to_GarbageDataset,Faces->PetImages->GarbageDataset,0.85,data,frechet,none,both,1.0,0.0,10,0.7013184284959973,0.12939864610054586,10,0.8183596929379331,0.08910831645647145,10,29.9,13.809819372863322,10,29.9,13.809819372863322,10,0.0,0.0,10,29.9,13.809819372863322,10,3.2182391183675705,1.2985273835616467,10,0.12818953061887922,0.07018064377744795,10,180.0,49.98888765404656,10,180.0,49.98888765404656,10,2.0,0.0,10,3.267970025892464,0.7728779712088646,10,1.3675437319972843,0.17779707516682794,10,4.636308242381892,0.9502617361606194,10,4.492274350286607,0.9755279846078799,10,5.537006484855738,1.0483559679060275,10,224.19226588412693,46.13125031324384,10,4636.308242381892,950.2617361606194,10,4.6459237779996325,0.9520573489656868,10,,,0,,,0,,,0,,,0,,,0,,,0,,,0,,,0,,,0,,,0,,,0,,,0,,,0,,,0,,,0,,,0
source_expansion_Faces_to_PetImages_to_GarbageDataset,Faces->PetImages->GarbageDataset,0.85,data,kswin,none,both,1.0,0.0,10,0.304505772005772,0.05566294405020853,10,0.46436452436452436,0.06483664767023015,10,50.65,33.294185344858306,10,50.65,33.294185344858306,10,0.0,0.0,10,50.65,33.294185344858306,10,141.22833333333332,36.87677516128947,10,3.554658479439221,1.5590332768921682,10,9.6,1.5055453054181618,10,9.6,1.5055453054181618,10,2.0,0.0,10,2.5668399694015536,0.48694735295161357,10,0.10790558738881373,0.02478135785947818,10,2.675394761593998,0.501245893384258,10,2.617060300144658,0.551924478800661,10,3.5624390900738945,0.6826178717724395,10,382.06261581043924,49.25835088955203,10,2675.394761593998,501.245893384258,10,2.6827727696001604,0.5022801801585576,10,,,0,,,0,,,0,,,0,,,0,,,0,,,0,,,0,,,0,,,0,,,0,,,0,,,0,,,0,,,0,,,0
source_expansion_Faces_to_PetImages_to_GarbageDataset,Faces->PetImages->GarbageDataset,0.85,data,mmd,none,both,0.75,0.26352313834736496,10,0.6598795790458716,0.15428772715056943,10,0.6866895336639642,0.17932177529607524,10,43.05,22.10762814555696,10,43.05,22.10762814555696,10,0.15,0.24152294576982397,10,43.05,22.10762814555696,10,4.374437193013885,2.4947082940523444,10,0.10659977287671044,0.08549612949398162,10,90.7,22.484809687134703,10,90.7,22.484809687134703,10,2.0,0.0,10,37.02066937160653,0.30323170799488874,10,1.8937460054923576,0.041278686792436424,10,38.91549180909806,0.3048762383859497,10,41.00574449976193,0.4369777262367961,10,53.61673965522641,0.5945370415127016,10,25.698123714527355,0.2009003090672197,10,38915.49180909806,304.87623838594976,10,38.92794715299988,0.30501167050562716,10,,,0,,,0,,,0,,,0,,,0,,,0,,,0,,,0,,,0,,,0,,,0,,,0,,,0,,,0,,,0,,,0
source_expansion_Faces_to_PetImages_to_GarbageDataset,Faces->PetImages->GarbageDataset,0.85,performance,adwin,gaussian_nb,both,0.0,0.0,10,0.0,0.0,10,0.0,0.0,10,251.33333333333334,30.088757590391353,3,251.33333333333334,30.088757590391353,3,0.85,0.24152294576982397,10,251.33333333333334,30.088757590391353,3,,,0,,,0,0.3,0.48304589153964794,10,0.3,0.48304589153964794,10,2.0,0.0,10,3.0372345261997906,0.2885193237979241,10,0.04188760110337171,0.00355319226069379,10,7.303303160786345,0.624523233584013,10,6.97055660029946,1.1041340895370804,10,9.76957583970943,1.308182337600511,10,137.805522689768,11.482448040440623,10,7303.303160786345,624.5232335840129,10,7.316056724199552,0.624885386375448,10,0.3389068415269086,0.056578472225031755,10,0.2820004669324031,0.0201794106420233,10,0.2884987935981641,0.021905348764629518,10,0.8390000000000001,0.0070395706939809346,10,0.3389068415269086,0.056578472225031755,10,0.2820004669324031,0.0201794106420233,10,0.2884987935981641,0.021905348764629518,10,0.8347,0.012649549838279223,10,0.33780071493442193,0.057559267525570515,10,0.27722803503716065,0.02451558282705257,10,0.2845189594332539,0.02672120026419838,10,0.8039999999999999,0.041686661868969264,10,0.844,0.032727833889689514,10,0.8039999999999999,0.041686661868969264,10,0.835,0.042752517794602166,10,0.3,0.48304589153964794,10
source_expansion_Faces_to_PetImages_to_GarbageDataset,Faces->PetImages->GarbageDataset,0.85,performance,adwin,hoeffding_tree,both,0.85,0.24152294576982394,10,0.5533333333333333,0.2167093974957315,10,0.6585714285714286,0.21286477739229334,10,83.4,26.90910626535188,10,83.4,26.90910626535188,10,0.0,0.0,10,83.4,26.90910626535188,10,454.4,132.7132246612974,5,5.691807883561063,2.810936735083021,5,3.5,0.8498365855987975,10,3.5,0.8498365855987975,10,2.0,0.0,10,2.8653718982002827,0.20452362581081737,10,0.05075204679287708,0.0028893186409838017,10,8.659212270100216,0.5057346640809272,10,7.141257250259514,0.8438156710097672,10,12.883021579964403,0.8578807154725298,10,115.84274643401457,6.833152127553287,10,8659.212270100215,505.7346640809274,10,8.673301804999756,0.5059685146840964,10,0.23705889943359457,0.047945244399626566,10,0.224858692031707,0.04461631797220409,10,0.16670683797841157,0.03214390936112801,10,0.5091,0.07099992175269554,10,0.23705889943359457,0.047945244399626566,10,0.224858692031707,0.04461631797220409,10,0.16670683797841157,0.03214390936112801,10,0.7676000000000001,0.02694933518042084,10,0.17482758396082523,0.009548465445956058,10,0.1914704242627701,0.005888928163955513,10,0.17988099901628116,0.005424011545901178,10,0.8379999999999999,0.0225092573548455,10,0.263,0.3147150386549006,10,0.8379999999999999,0.0225092573548455,10,0.8470000000000001,0.03860051813123755,10,3.5,0.8498365855987975,10
source_expansion_Faces_to_PetImages_to_GarbageDataset,Faces->PetImages->GarbageDataset,0.85,performance,adwin,logistic_regression,both,0.1,0.21081851067789195,10,0.2,0.4216370213557839,10,0.13333333333333333,0.28109134757052257,10,169.1,33.74561699934774,10,169.1,33.74561699934774,10,0.5,0.0,10,169.1,33.74561699934774,10,,,0,,,0,1.0,0.0,10,1.0,0.0,10,2.0,0.0,10,2.8430898692962727,0.3306991087534382,10,0.0450519909050854,0.004363924925230904,10,6.52805862079822,0.6798296119679539,10,6.163920000017242,1.1217641797031463,10,8.684328125373213,0.27804950771562115,10,154.5847288451433,15.027963113986479,10,6528.05862079822,679.8296119679538,10,6.5407246351001955,0.6803275981838659,10,0.45839407569078905,0.08284813441260405,10,0.4154896871672589,0.04708121749961579,10,0.42141929495413405,0.05374641466093693,10,0.8288,0.016335374022177888,10,0.45839407569078905,0.08284813441260405,10,0.4154896871672589,0.04708121749961579,10,0.42141929495413405,0.05374641466093693,10,0.774,0.017217562093526637,10,0.4295577543984829,0.04903796679853089,10,0.41005170310386224,0.03326843263358201,10,0.401790484908505,0.03442657021408548,10,0.5740000000000001,0.027568097504180426,10,0.922,0.02898275349237887,10,0.5740000000000001,0.027568097504180426,10,0.9129999999999999,0.033681514877517624,10,1.0,0.0,10
source_expansion_Faces_to_PetImages_to_GarbageDataset,Faces->PetImages->GarbageDataset,0.85,performance,hddm_w,gaussian_nb,both,0.1,0.21081851067789195,10,0.2,0.4216370213557839,10,0.13333333333333333,0.28109134757052257,10,25.5,10.606601717798213,2,25.5,10.606601717798213,2,0.9,0.21081851067789195,10,25.5,10.606601717798213,2,,,0,,,0,0.2,0.4216370213557839,10,0.2,0.4216370213557839,10,2.0,0.0,10,2.7447011525031484,0.15889443939494144,10,0.023210032797942405,0.0013780908282007864,10,6.803310422400864,0.5186908935695251,10,6.005871350407688,0.8154425257065201,10,9.337444820193923,1.1584338828057836,10,147.71520750382422,10.632815006672564,10,6803.310422400864,518.6908935695253,10,6.815558717899876,0.5190553658952554,10,0.3389068415269086,0.056578472225031755,10,0.2820004669324031,0.0201794106420233,10,0.2884987935981641,0.021905348764629518,10,0.8390000000000001,0.0070395706939809346,10,0.3389068415269086,0.056578472225031755,10,0.2820004669324031,0.0201794106420233,10,0.2884987935981641,0.021905348764629518,10,0.8388,0.007360555534589605,10,0.33289683517836155,0.051536629772686374,10,0.2811687430571087,0.020528878181507827,10,0.2875831749637969,0.02153797038040777,10,0.8039999999999999,0.041686661868969264,10,0.844,0.032727833889689514,10,0.8039999999999999,0.041686661868969264,10,0.8470000000000001,0.03888730155490633,10,0.2,0.4216370213557839,10
source_expansion_Faces_to_PetImages_to_GarbageDataset,Faces->PetImages->GarbageDataset,0.85,performance,hddm_w,hoeffding_tree,both,1.0,0.0,10,0.8916666666666666,0.18446619684315546,10,0.9323809523809524,0.11822573435186835,10,45.55,11.304989065796471,10,45.55,11.304989065796471,10,0.0,0.0,10,45.55,11.304989065796471,10,196.0,12.727922061357855,2,3.993431855500821,0.6490520372467655,2,2.7,0.8232726023485646,10,2.7,0.8232726023485646,10,2.0,0.0,10,2.8158819076919825,0.12448351314506667,10,0.03893227159187518,0.00270014429129299,10,8.750471465003647,0.5183001215421271,10,7.004696150033851,0.5243520055198982,10,13.070677084970153,0.9517004002059233,10,114.64542402218107,6.872878313039166,10,8750.471465003648,518.3001215421273,10,8.763472100599937,0.5184372190388808,10,0.23705889943359457,0.047945244399626566,10,0.224858692031707,0.04461631797220409,10,0.16670683797841157,0.03214390936112801,10,0.5091,0.07099992175269554,10,0.23705889943359457,0.047945244399626566,10,0.224858692031707,0.04461631797220409,10,0.16670683797841157,0.03214390936112801,10,0.7874,0.026858476832794846,10,0.2035275186044479,0.04125614713636347,10,0.1987411889386366,0.01180501882363708,10,0.19039854620266974,0.015216394273566058,10,0.8379999999999999,0.0225092573548455,10,0.263,0.3147150386549006,10,0.8379999999999999,0.0225092573548455,10,0.853,0.03622460796505908,10,2.7,0.8232726023485646,10
source_expansion_Faces_to_PetImages_to_GarbageDataset,Faces->PetImages->GarbageDataset,0.85,performance,hddm_w,logistic_regression,both,0.05,0.15811388300841897,10,0.05,0.15811388300841897,10,0.05,0.15811388300841897,10,24.0,,1,24.0,,1,0.95,0.15811388300841897,10,24.0,,1,,,0,,,0,0.3,0.6749485577105528,10,0.3,0.6749485577105528,10,2.0,0.0,10,2.9861605996993603,0.3351448712868216,10,0.028330083301625564,0.0031275196897352247,10,6.953572041607549,0.7211713629243565,10,6.564194499878795,1.1206831151722536,10,9.516767615232311,1.3737039312520205,10,145.14958198379475,14.374360269609015,10,6953.572041607549,721.1713629243565,10,6.965676947199972,0.7216756167790334,10,0.45839407569078905,0.08284813441260405,10,0.4154896871672589,0.04708121749961579,10,0.42141929495413405,0.05374641466093693,10,0.8288,0.016335374022177888,10,0.45839407569078905,0.08284813441260405,10,0.4154896871672589,0.04708121749961579,10,0.42141929495413405,0.05374641466093693,10,0.8278000000000001,0.016936482646773023,10,0.4508127094380142,0.06910184538832252,10,0.41266190130763974,0.03916492768767712,10,0.41747714676395214,0.04629808111502746,10,0.5740000000000001,0.027568097504180426,10,0.922,0.02898275349237887,10,0.5740000000000001,0.027568097504180426,10,0.921,0.028067379246694495,10,0.3,0.6749485577105528,10
source_expansion_Faces_to_PetImages_to_GarbageDataset,Faces->PetImages->GarbageDataset,0.85,performance,kswin,gaussian_nb,both,0.2,0.2581988897471611,10,0.4,0.5163977794943222,10,0.26666666666666666,0.34426518632954817,10,47.75,13.35102992281869,4,47.75,13.35102992281869,4,0.8,0.2581988897471611,10,47.75,13.35102992281869,4,,,0,,,0,0.4,0.5163977794943222,10,0.4,0.5163977794943222,10,2.0,0.0,10,2.7469376052944425,0.1620538377363759,10,0.24495592888906687,0.011895373653586803,10,6.8431872340841435,0.38445056902492153,10,5.991973200252687,0.472622835930666,10,9.599536065188659,1.2938549045041665,10,146.5332037267669,7.973150343997347,10,6843.187234084144,384.45056902492166,10,6.855169437499899,0.38466574026481154,10,0.3389068415269086,0.056578472225031755,10,0.2820004669324031,0.0201794106420233,10,0.2884987935981641,0.021905348764629518,10,0.8390000000000001,0.0070395706939809346,10,0.3389068415269086,0.056578472225031755,10,0.2820004669324031,0.0201794106420233,10,0.2884987935981641,0.021905348764629518,10,0.8401,0.007607744592044214,10,0.33932012573190323,0.05911279079339673,10,0.2844888515653803,0.02108338746937401,10,0.291302673532441,0.024056005111989087,10,0.8039999999999999,0.041686661868969264,10,0.844,0.032727833889689514,10,0.8039999999999999,0.041686661868969264,10,0.8480000000000001,0.04184627953726724,10,0.4,0.5163977794943222,10
source_expansion_Faces_to_PetImages_to_GarbageDataset,Faces->PetImages->GarbageDataset,0.85,performance,kswin,hoeffding_tree,both,1.0,0.0,10,0.6916666666666667,0.24686303494993203,10,0.7945238095238095,0.17810362003872765,10,63.1,26.871918427979793,10,63.1,26.871918427979793,10,0.0,0.0,10,63.1,26.871918427979793,10,337.23333333333335,150.08560520212754,5,7.093088000697216,5.25649532418722,5,3.7,1.3374935098492586,10,3.7,1.3374935098492586,10,2.0,0.0,10,2.8964844237983924,0.15640265531814782,10,0.24076350849591108,0.02867315206138679,10,9.007467696883396,0.7050877359549808,10,7.6985756002613925,1.1013062094577528,10,13.25393166021058,1.2885161610840772,10,111.65230509780463,9.01578105871697,10,9007.467696883396,705.0877359549814,10,9.020901660100026,0.7054676390455465,10,0.23705889943359457,0.047945244399626566,10,0.224858692031707,0.04461631797220409,10,0.16670683797841157,0.03214390936112801,10,0.5091,0.07099992175269554,10,0.23705889943359457,0.047945244399626566,10,0.224858692031707,0.04461631797220409,10,0.16670683797841157,0.03214390936112801,10,0.7796000000000001,0.02629828891772242,10,0.17296424071825406,0.006621123806037985,10,0.19276373561231858,0.006987816019933284,10,0.18127945826873637,0.006329496308676429,10,0.8379999999999999,0.0225092573548455,10,0.263,0.3147150386549006,10,0.8379999999999999,0.0225092573548455,10,0.8480000000000001,0.038239014399199946,10,3.7,1.3374935098492586,10
source_expansion_Faces_to_PetImages_to_GarbageDataset,Faces->PetImages->GarbageDataset,0.85,performance,kswin,logistic_regression,both,0.05,0.15811388300841897,10,0.1,0.31622776601683794,10,0.06666666666666667,0.21081851067789195,10,83.0,,1,83.0,,1,0.95,0.15811388300841897,10,83.0,,1,,,0,,,0,0.2,0.42163702135578396,10,0.2,0.42163702135578396,10,2.0,0.0,10,2.922530254796766,0.376584470955324,10,0.28418893040216064,0.03216369875451339,10,6.957136007095687,0.8466493203761117,10,6.8057369503549126,1.4119671165805805,10,9.064500329941438,0.40134710584088856,10,145.65791692047702,17.579136872268815,10,6957.136007095687,846.6493203761115,10,6.969649497099636,0.8471786793499497,10,0.45839407569078905,0.08284813441260405,10,0.4154896871672589,0.04708121749961579,10,0.42141929495413405,0.05374641466093693,10,0.8288,0.016335374022177888,10,0.45839407569078905,0.08284813441260405,10,0.4154896871672589,0.04708121749961579,10,0.42141929495413405,0.05374641466093693,10,0.8225999999999999,0.017076299364909196,10,0.4461757882199076,0.07721747656943406,10,0.4084727918285084,0.04725879618558333,10,0.41232321753741763,0.051269489147312955,10,0.5740000000000001,0.027568097504180426,10,0.922,0.02898275349237887,10,0.5740000000000001,0.027568097504180426,10,0.9189999999999999,0.030713731999438484,10,0.2,0.42163702135578396,10
source_expansion_Faces_to_PetImages_to_GarbageDataset,Faces->PetImages->GarbageDataset,0.85,performance,page_hinkley,gaussian_nb,both,0.0,0.0,10,0.0,0.0,10,0.0,0.0,10,253.1,61.43053891275178,10,253.1,61.43053891275178,10,0.35,0.24152294576982397,10,253.1,61.43053891275178,10,,,0,,,0,1.3,0.48304589153964794,10,1.3,0.48304589153964794,10,2.0,0.0,10,2.7723728140021193,0.22282310156463656,10,0.014776706696648035,0.000581955459878283,10,6.6439774159924125,0.49051941279408406,10,5.9020029500061355,0.6697364006855775,10,8.800151100185756,0.6581546594583957,10,151.22309772457203,10.725151607421049,10,6643.977415992413,490.5194127940841,10,6.656207395200181,0.4907983533832145,10,0.3389068415269086,0.056578472225031755,10,0.2820004669324031,0.0201794106420233,10,0.2884987935981641,0.021905348764629518,10,0.8390000000000001,0.0070395706939809346,10,0.3389068415269086,0.056578472225031755,10,0.2820004669324031,0.0201794106420233,10,0.2884987935981641,0.021905348764629518,10,0.8328,0.011659998094148891,10,0.30541896793207834,0.07055206078519496,10,0.2604503738483784,0.0268549341191243,10,0.26768498753140085,0.033590718425470276,10,0.8039999999999999,0.041686661868969264,10,0.844,0.032727833889689514,10,0.8039999999999999,0.041686661868969264,10,0.834,0.05641118880348313,10,1.3,0.48304589153964794,10
source_expansion_Faces_to_PetImages_to_GarbageDataset,Faces->PetImages->GarbageDataset,0.85,performance,page_hinkley,hoeffding_tree,both,1.0,0.0,10,0.61,0.17571722513708365,10,0.745,0.13148017735399142,10,62.7,14.81028171387852,10,62.7,14.81028171387852,10,0.0,0.0,10,62.7,14.81028171387852,10,403.3,161.00527941654585,5,6.258036595883631,3.4679353168180387,5,3.8,1.0327955589886446,10,3.8,1.0327955589886446,10,2.0,0.0,10,2.9124492464012293,0.17526969252267494,10,0.02177416620597796,0.0007483032207908977,10,8.802010752892784,0.5254389697723023,10,7.2951863500748,0.8892956937393348,10,13.53306784511005,1.3631380276029712,10,113.96515965182675,6.612178967494955,10,8802.010752892784,525.4389697723027,10,8.81511262389995,0.5256593919486414,10,0.23705889943359457,0.047945244399626566,10,0.224858692031707,0.04461631797220409,10,0.16670683797841157,0.03214390936112801,10,0.5091,0.07099992175269554,10,0.23705889943359457,0.047945244399626566,10,0.224858692031707,0.04461631797220409,10,0.16670683797841157,0.03214390936112801,10,0.7827,0.023842306003311737,10,0.1774925712996302,0.00947303055468477,10,0.19514492690286364,0.007217102491127505,10,0.18360337845827335,0.006942532112506674,10,0.8379999999999999,0.0225092573548455,10,0.263,0.3147150386549006,10,0.8379999999999999,0.0225092573548455,10,0.8460000000000001,0.039214509786273964,10,3.8,1.0327955589886446,10
source_expansion_Faces_to_PetImages_to_GarbageDataset,Faces->PetImages->GarbageDataset,0.85,performance,page_hinkley,logistic_regression,both,0.35,0.24152294576982397,10,0.55,0.43779751788545657,10,0.41666666666666663,0.2965855070008697,10,123.2,39.324999117044555,10,123.2,39.324999117044555,10,0.4,0.21081851067789195,10,123.2,39.324999117044555,10,,,0,,,0,1.3,0.4830458915396479,10,1.3,0.4830458915396479,10,2.0,0.0,10,3.109920890497233,0.3512418196175821,10,0.018761590510439418,0.0008808576218077824,10,6.956867602987768,0.6771945089408857,10,7.043634750152705,1.0231547471239044,10,8.784391725075693,0.28641890603975523,10,144.96684491003128,14.057285109931142,10,6956.867602987768,677.1945089408858,10,6.969130963800126,0.6775474765286918,10,0.45839407569078905,0.08284813441260405,10,0.4154896871672589,0.04708121749961579,10,0.42141929495413405,0.05374641466093693,10,0.8288,0.016335374022177888,10,0.45839407569078905,0.08284813441260405,10,0.4154896871672589,0.04708121749961579,10,0.42141929495413405,0.05374641466093693,10,0.7734,0.02143310005057078,10,0.4014498671263754,0.06637919218035156,10,0.3989735549359371,0.0507598988407595,10,0.38267178976138416,0.05244032009262707,10,0.5740000000000001,0.027568097504180426,10,0.922,0.02898275349237887,10,0.5740000000000001,0.027568097504180426,10,0.825,0.15550991393905833,10,1.3,0.4830458915396479,10
